"filename", "language", "TypeScript", "CSS", "JSON", "HTML", "JavaScript", "XML", "Markdown", "comment", "blank", "total"
"c:\Users\Fire and Ice\Documents\GitHub\frontend2\src\assets\common\jquery-3.6.3.min.js", "JavaScript", 0, 0, 0, 0, -1, 0, 0, -1, -1, -3
"c:\Users\Fire and Ice\Documents\GitHub\frontend2\src\assets\common\mukera.js", "JavaScript", 0, 0, 0, 0, -2, 0, 0, -13, -1, -16
"c:\Users\Fire and Ice\Documents\GitHub\frontend2\src\assets\common\tinymce\CHANGELOG.md", "Markdown", 0, 0, 0, 0, 0, 0, -2612, 0, -440, -3052
"c:\Users\Fire and Ice\Documents\GitHub\frontend2\src\assets\common\tinymce\js\tinymce\icons\default\icons.min.js", "JavaScript", 0, 0, 0, 0, -1, 0, 0, 0, 0, -1
"c:\Users\Fire and Ice\Documents\GitHub\frontend2\src\assets\common\tinymce\js\tinymce\langs\README.md", "Markdown", 0, 0, 0, 0, 0, 0, -2, 0, -2, -4
"c:\Users\Fire and Ice\Documents\GitHub\frontend2\src\assets\common\tinymce\js\tinymce\models\dom\model.min.js", "JavaScript", 0, 0, 0, 0, -1, 0, 0, -3, 0, -4
"c:\Users\Fire and Ice\Documents\GitHub\frontend2\src\assets\common\tinymce\js\tinymce\plugins\advlist\plugin.min.js", "JavaScript", 0, 0, 0, 0, -1, 0, 0, -3, 0, -4
"c:\Users\Fire and Ice\Documents\GitHub\frontend2\src\assets\common\tinymce\js\tinymce\plugins\anchor\plugin.min.js", "JavaScript", 0, 0, 0, 0, -1, 0, 0, -3, 0, -4
"c:\Users\Fire and Ice\Documents\GitHub\frontend2\src\assets\common\tinymce\js\tinymce\plugins\autolink\plugin.min.js", "JavaScript", 0, 0, 0, 0, -1, 0, 0, -3, 0, -4
"c:\Users\Fire and Ice\Documents\GitHub\frontend2\src\assets\common\tinymce\js\tinymce\plugins\autoresize\plugin.min.js", "JavaScript", 0, 0, 0, 0, -1, 0, 0, -3, 0, -4
"c:\Users\Fire and Ice\Documents\GitHub\frontend2\src\assets\common\tinymce\js\tinymce\plugins\autosave\plugin.min.js", "JavaScript", 0, 0, 0, 0, -1, 0, 0, -3, 0, -4
"c:\Users\Fire and Ice\Documents\GitHub\frontend2\src\assets\common\tinymce\js\tinymce\plugins\charmap\plugin.min.js", "JavaScript", 0, 0, 0, 0, -1, 0, 0, -3, 0, -4
"c:\Users\Fire and Ice\Documents\GitHub\frontend2\src\assets\common\tinymce\js\tinymce\plugins\code\plugin.min.js", "JavaScript", 0, 0, 0, 0, -1, 0, 0, -3, 0, -4
"c:\Users\Fire and Ice\Documents\GitHub\frontend2\src\assets\common\tinymce\js\tinymce\plugins\codesample\plugin.min.js", "JavaScript", 0, 0, 0, 0, -1, 0, 0, -3, 0, -4
"c:\Users\Fire and Ice\Documents\GitHub\frontend2\src\assets\common\tinymce\js\tinymce\plugins\directionality\plugin.min.js", "JavaScript", 0, 0, 0, 0, -1, 0, 0, -3, 0, -4
"c:\Users\Fire and Ice\Documents\GitHub\frontend2\src\assets\common\tinymce\js\tinymce\plugins\emoticons\js\emojiimages.js", "JavaScript", 0, 0, 0, 0, -1, 0, 0, 0, 0, -1
"c:\Users\Fire and Ice\Documents\GitHub\frontend2\src\assets\common\tinymce\js\tinymce\plugins\emoticons\js\emojiimages.min.js", "JavaScript", 0, 0, 0, 0, -1, 0, 0, -2, 0, -3
"c:\Users\Fire and Ice\Documents\GitHub\frontend2\src\assets\common\tinymce\js\tinymce\plugins\emoticons\js\emojis.js", "JavaScript", 0, 0, 0, 0, -1, 0, 0, 0, 0, -1
"c:\Users\Fire and Ice\Documents\GitHub\frontend2\src\assets\common\tinymce\js\tinymce\plugins\emoticons\js\emojis.min.js", "JavaScript", 0, 0, 0, 0, -1, 0, 0, -1, 0, -2
"c:\Users\Fire and Ice\Documents\GitHub\frontend2\src\assets\common\tinymce\js\tinymce\plugins\emoticons\plugin.min.js", "JavaScript", 0, 0, 0, 0, -1, 0, 0, -3, 0, -4
"c:\Users\Fire and Ice\Documents\GitHub\frontend2\src\assets\common\tinymce\js\tinymce\plugins\fullscreen\plugin.min.js", "JavaScript", 0, 0, 0, 0, -1, 0, 0, -3, 0, -4
"c:\Users\Fire and Ice\Documents\GitHub\frontend2\src\assets\common\tinymce\js\tinymce\plugins\help\plugin.min.js", "JavaScript", 0, 0, 0, 0, -1, 0, 0, -3, 0, -4
"c:\Users\Fire and Ice\Documents\GitHub\frontend2\src\assets\common\tinymce\js\tinymce\plugins\image\plugin.min.js", "JavaScript", 0, 0, 0, 0, -1, 0, 0, -3, 0, -4
"c:\Users\Fire and Ice\Documents\GitHub\frontend2\src\assets\common\tinymce\js\tinymce\plugins\importcss\plugin.min.js", "JavaScript", 0, 0, 0, 0, -1, 0, 0, -3, 0, -4
"c:\Users\Fire and Ice\Documents\GitHub\frontend2\src\assets\common\tinymce\js\tinymce\plugins\insertdatetime\plugin.min.js", "JavaScript", 0, 0, 0, 0, -1, 0, 0, -3, 0, -4
"c:\Users\Fire and Ice\Documents\GitHub\frontend2\src\assets\common\tinymce\js\tinymce\plugins\link\plugin.min.js", "JavaScript", 0, 0, 0, 0, -1, 0, 0, -3, 0, -4
"c:\Users\Fire and Ice\Documents\GitHub\frontend2\src\assets\common\tinymce\js\tinymce\plugins\lists\plugin.min.js", "JavaScript", 0, 0, 0, 0, -1, 0, 0, -3, 0, -4
"c:\Users\Fire and Ice\Documents\GitHub\frontend2\src\assets\common\tinymce\js\tinymce\plugins\media\plugin.min.js", "JavaScript", 0, 0, 0, 0, -1, 0, 0, -3, 0, -4
"c:\Users\Fire and Ice\Documents\GitHub\frontend2\src\assets\common\tinymce\js\tinymce\plugins\nonbreaking\plugin.min.js", "JavaScript", 0, 0, 0, 0, -1, 0, 0, -3, 0, -4
"c:\Users\Fire and Ice\Documents\GitHub\frontend2\src\assets\common\tinymce\js\tinymce\plugins\pagebreak\plugin.min.js", "JavaScript", 0, 0, 0, 0, -1, 0, 0, -3, 0, -4
"c:\Users\Fire and Ice\Documents\GitHub\frontend2\src\assets\common\tinymce\js\tinymce\plugins\preview\plugin.min.js", "JavaScript", 0, 0, 0, 0, -1, 0, 0, -3, 0, -4
"c:\Users\Fire and Ice\Documents\GitHub\frontend2\src\assets\common\tinymce\js\tinymce\plugins\quickbars\plugin.min.js", "JavaScript", 0, 0, 0, 0, -1, 0, 0, -3, 0, -4
"c:\Users\Fire and Ice\Documents\GitHub\frontend2\src\assets\common\tinymce\js\tinymce\plugins\save\plugin.min.js", "JavaScript", 0, 0, 0, 0, -1, 0, 0, -3, 0, -4
"c:\Users\Fire and Ice\Documents\GitHub\frontend2\src\assets\common\tinymce\js\tinymce\plugins\searchreplace\plugin.min.js", "JavaScript", 0, 0, 0, 0, -1, 0, 0, -3, 0, -4
"c:\Users\Fire and Ice\Documents\GitHub\frontend2\src\assets\common\tinymce\js\tinymce\plugins\table\plugin.min.js", "JavaScript", 0, 0, 0, 0, -1, 0, 0, -3, 0, -4
"c:\Users\Fire and Ice\Documents\GitHub\frontend2\src\assets\common\tinymce\js\tinymce\plugins\template\plugin.min.js", "JavaScript", 0, 0, 0, 0, -1, 0, 0, -3, 0, -4
"c:\Users\Fire and Ice\Documents\GitHub\frontend2\src\assets\common\tinymce\js\tinymce\plugins\visualblocks\plugin.min.js", "JavaScript", 0, 0, 0, 0, -1, 0, 0, -3, 0, -4
"c:\Users\Fire and Ice\Documents\GitHub\frontend2\src\assets\common\tinymce\js\tinymce\plugins\visualchars\plugin.min.js", "JavaScript", 0, 0, 0, 0, -1, 0, 0, -3, 0, -4
"c:\Users\Fire and Ice\Documents\GitHub\frontend2\src\assets\common\tinymce\js\tinymce\plugins\wordcount\plugin.min.js", "JavaScript", 0, 0, 0, 0, -1, 0, 0, -3, 0, -4
"c:\Users\Fire and Ice\Documents\GitHub\frontend2\src\assets\common\tinymce\js\tinymce\skins\content\dark\content.min.css", "CSS", 0, -1, 0, 0, 0, 0, 0, 0, -1, -2
"c:\Users\Fire and Ice\Documents\GitHub\frontend2\src\assets\common\tinymce\js\tinymce\skins\content\default\content.min.css", "CSS", 0, -1, 0, 0, 0, 0, 0, 0, -1, -2
"c:\Users\Fire and Ice\Documents\GitHub\frontend2\src\assets\common\tinymce\js\tinymce\skins\content\document\content.min.css", "CSS", 0, -1, 0, 0, 0, 0, 0, 0, -1, -2
"c:\Users\Fire and Ice\Documents\GitHub\frontend2\src\assets\common\tinymce\js\tinymce\skins\content\tinymce-5-dark\content.min.css", "CSS", 0, -1, 0, 0, 0, 0, 0, 0, -1, -2
"c:\Users\Fire and Ice\Documents\GitHub\frontend2\src\assets\common\tinymce\js\tinymce\skins\content\tinymce-5\content.min.css", "CSS", 0, -1, 0, 0, 0, 0, 0, 0, -1, -2
"c:\Users\Fire and Ice\Documents\GitHub\frontend2\src\assets\common\tinymce\js\tinymce\skins\content\writer\content.min.css", "CSS", 0, -1, 0, 0, 0, 0, 0, 0, -1, -2
"c:\Users\Fire and Ice\Documents\GitHub\frontend2\src\assets\common\tinymce\js\tinymce\skins\ui\oxide-dark\content.inline.min.css", "CSS", 0, -1, 0, 0, 0, 0, 0, 0, -1, -2
"c:\Users\Fire and Ice\Documents\GitHub\frontend2\src\assets\common\tinymce\js\tinymce\skins\ui\oxide-dark\content.min.css", "CSS", 0, -1, 0, 0, 0, 0, 0, 0, -1, -2
"c:\Users\Fire and Ice\Documents\GitHub\frontend2\src\assets\common\tinymce\js\tinymce\skins\ui\oxide-dark\skin.min.css", "CSS", 0, -1, 0, 0, 0, 0, 0, 0, -1, -2
"c:\Users\Fire and Ice\Documents\GitHub\frontend2\src\assets\common\tinymce\js\tinymce\skins\ui\oxide-dark\skin.shadowdom.min.css", "CSS", 0, -1, 0, 0, 0, 0, 0, 0, -1, -2
"c:\Users\Fire and Ice\Documents\GitHub\frontend2\src\assets\common\tinymce\js\tinymce\skins\ui\oxide\content.inline.min.css", "CSS", 0, -1, 0, 0, 0, 0, 0, 0, -1, -2
"c:\Users\Fire and Ice\Documents\GitHub\frontend2\src\assets\common\tinymce\js\tinymce\skins\ui\oxide\content.min.css", "CSS", 0, -1, 0, 0, 0, 0, 0, 0, -1, -2
"c:\Users\Fire and Ice\Documents\GitHub\frontend2\src\assets\common\tinymce\js\tinymce\skins\ui\oxide\skin.min.css", "CSS", 0, -1, 0, 0, 0, 0, 0, 0, -1, -2
"c:\Users\Fire and Ice\Documents\GitHub\frontend2\src\assets\common\tinymce\js\tinymce\skins\ui\oxide\skin.shadowdom.min.css", "CSS", 0, -1, 0, 0, 0, 0, 0, 0, -1, -2
"c:\Users\Fire and Ice\Documents\GitHub\frontend2\src\assets\common\tinymce\js\tinymce\skins\ui\tinymce-5-dark\content.inline.min.css", "CSS", 0, -1, 0, 0, 0, 0, 0, 0, -1, -2
"c:\Users\Fire and Ice\Documents\GitHub\frontend2\src\assets\common\tinymce\js\tinymce\skins\ui\tinymce-5-dark\content.min.css", "CSS", 0, -1, 0, 0, 0, 0, 0, 0, -1, -2
"c:\Users\Fire and Ice\Documents\GitHub\frontend2\src\assets\common\tinymce\js\tinymce\skins\ui\tinymce-5-dark\skin.min.css", "CSS", 0, -1, 0, 0, 0, 0, 0, 0, -1, -2
"c:\Users\Fire and Ice\Documents\GitHub\frontend2\src\assets\common\tinymce\js\tinymce\skins\ui\tinymce-5-dark\skin.shadowdom.min.css", "CSS", 0, -1, 0, 0, 0, 0, 0, 0, -1, -2
"c:\Users\Fire and Ice\Documents\GitHub\frontend2\src\assets\common\tinymce\js\tinymce\skins\ui\tinymce-5\content.inline.min.css", "CSS", 0, -1, 0, 0, 0, 0, 0, 0, -1, -2
"c:\Users\Fire and Ice\Documents\GitHub\frontend2\src\assets\common\tinymce\js\tinymce\skins\ui\tinymce-5\content.min.css", "CSS", 0, -1, 0, 0, 0, 0, 0, 0, -1, -2
"c:\Users\Fire and Ice\Documents\GitHub\frontend2\src\assets\common\tinymce\js\tinymce\skins\ui\tinymce-5\skin.min.css", "CSS", 0, -1, 0, 0, 0, 0, 0, 0, -1, -2
"c:\Users\Fire and Ice\Documents\GitHub\frontend2\src\assets\common\tinymce\js\tinymce\skins\ui\tinymce-5\skin.shadowdom.min.css", "CSS", 0, -1, 0, 0, 0, 0, 0, 0, -1, -2
"c:\Users\Fire and Ice\Documents\GitHub\frontend2\src\assets\common\tinymce\js\tinymce\themes\silver\theme.min.js", "JavaScript", 0, 0, 0, 0, -1, 0, 0, -3, 0, -4
"c:\Users\Fire and Ice\Documents\GitHub\frontend2\src\assets\common\tinymce\js\tinymce\tinymce.d.ts", "TypeScript", -3116, 0, 0, 0, 0, 0, 0, 0, -1, -3117
"c:\Users\Fire and Ice\Documents\GitHub\frontend2\src\assets\common\tinymce\js\tinymce\tinymce.min.js", "JavaScript", 0, 0, 0, 0, -1, 0, 0, -3, 0, -4
"c:\Users\Fire and Ice\Documents\GitHub\frontend2\src\assets\custom.js", "JavaScript", 0, 0, 0, 0, -15, 0, 0, -14, -1, -30
"c:\Users\Fire and Ice\Documents\GitHub\frontend2\src\assets\data\data.json", "JSON", 0, 0, -1504, 0, 0, 0, 0, 0, -1, -1505
"c:\Users\Fire and Ice\Documents\GitHub\frontend2\src\assets\fontawesome\css\font-awesome.css", "CSS", 0, -2327, 0, 0, 0, 0, 0, -10, -1, -2338
"c:\Users\Fire and Ice\Documents\GitHub\frontend2\src\assets\fontawesome\css\font-awesome.min.css", "CSS", 0, -1, 0, 0, 0, 0, 0, -3, -1, -5
"c:\Users\Fire and Ice\Documents\GitHub\frontend2\src\assets\template_assets\css\app-dark.min.css", "CSS", 0, -19075, 0, 0, 0, 0, 0, -22, -9, -19106
"c:\Users\Fire and Ice\Documents\GitHub\frontend2\src\assets\template_assets\css\app.min.css", "CSS", 0, -19060, 0, 0, 0, 0, 0, -24, -9, -19093
"c:\Users\Fire and Ice\Documents\GitHub\frontend2\src\assets\template_assets\css\custom\datepicker\bs-datepicker.css", "CSS", 0, -769, 0, 0, 0, 0, 0, -9, -10, -788
"c:\Users\Fire and Ice\Documents\GitHub\frontend2\src\assets\template_assets\css\icons.min.css", "CSS", 0, -21554, 0, 0, 0, 0, 0, -1, -1, -21556
"c:\Users\Fire and Ice\Documents\GitHub\frontend2\src\assets\template_assets\css\vendor\britecharts.min.css", "CSS", 0, -1, 0, 0, 0, 0, 0, 0, 0, -1
"c:\Users\Fire and Ice\Documents\GitHub\frontend2\src\assets\template_assets\css\vendor\buttons.bootstrap5.css", "CSS", 0, -190, 0, 0, 0, 0, 0, 0, -6, -196
"c:\Users\Fire and Ice\Documents\GitHub\frontend2\src\assets\template_assets\css\vendor\dataTables.bootstrap5.css", "CSS", 0, -210, 0, 0, 0, 0, 0, -5, -10, -225
"c:\Users\Fire and Ice\Documents\GitHub\frontend2\src\assets\template_assets\css\vendor\frappe-gantt.css", "CSS", 0, -101, 0, 0, 0, 0, 0, 0, -19, -120
"c:\Users\Fire and Ice\Documents\GitHub\frontend2\src\assets\template_assets\css\vendor\fullcalendar.min.css", "CSS", 0, -1, 0, 0, 0, 0, 0, 0, 0, -1
"c:\Users\Fire and Ice\Documents\GitHub\frontend2\src\assets\template_assets\css\vendor\jquery-jvectormap-1.2.2.css", "CSS", 0, -33, 0, 0, 0, 0, 0, 0, -3, -36
"c:\Users\Fire and Ice\Documents\GitHub\frontend2\src\assets\template_assets\css\vendor\jstree.min.css", "CSS", 0, -1, 0, 0, 0, 0, 0, 0, 0, -1
"c:\Users\Fire and Ice\Documents\GitHub\frontend2\src\assets\template_assets\css\vendor\quill.bubble.css", "CSS", 0, -946, 0, 0, 0, 0, 0, -6, -1, -953
"c:\Users\Fire and Ice\Documents\GitHub\frontend2\src\assets\template_assets\css\vendor\quill.core.css", "CSS", 0, -391, 0, 0, 0, 0, 0, -6, -1, -398
"c:\Users\Fire and Ice\Documents\GitHub\frontend2\src\assets\template_assets\css\vendor\quill.snow.css", "CSS", 0, -939, 0, 0, 0, 0, 0, -6, -1, -946
"c:\Users\Fire and Ice\Documents\GitHub\frontend2\src\assets\template_assets\css\vendor\responsive.bootstrap5.css", "CSS", 0, -184, 0, 0, 0, 0, 0, 0, -2, -186
"c:\Users\Fire and Ice\Documents\GitHub\frontend2\src\assets\template_assets\css\vendor\select.bootstrap5.css", "CSS", 0, -122, 0, 0, 0, 0, 0, 0, -3, -125
"c:\Users\Fire and Ice\Documents\GitHub\frontend2\src\assets\template_assets\css\vendor\simplemde.min.css", "CSS", 0, -1, 0, 0, 0, 0, 0, -6, 0, -7
"c:\Users\Fire and Ice\Documents\GitHub\frontend2\src\assets\template_assets\datatable_custom\css\bootstrap.min.css", "CSS", 0, -2, 0, 0, 0, 0, 0, -5, 0, -7
"c:\Users\Fire and Ice\Documents\GitHub\frontend2\src\assets\template_assets\datatable_custom\css\buttons.bootstrap5.min.css", "CSS", 0, -1, 0, 0, 0, 0, 0, 0, 0, -1
"c:\Users\Fire and Ice\Documents\GitHub\frontend2\src\assets\template_assets\datatable_custom\css\colReorder.bootstrap5.min.css", "CSS", 0, -1, 0, 0, 0, 0, 0, 0, 0, -1
"c:\Users\Fire and Ice\Documents\GitHub\frontend2\src\assets\template_assets\datatable_custom\css\dataTables.bootstrap5.min.css", "CSS", 0, -1, 0, 0, 0, 0, 0, -1, 0, -2
"c:\Users\Fire and Ice\Documents\GitHub\frontend2\src\assets\template_assets\datatable_custom\css\dataTables.dateTime.min.css", "CSS", 0, -1, 0, 0, 0, 0, 0, 0, 0, -1
"c:\Users\Fire and Ice\Documents\GitHub\frontend2\src\assets\template_assets\datatable_custom\css\fixedColumns.bootstrap5.min.css", "CSS", 0, -36, 0, 0, 0, 0, 0, 0, -1, -37
"c:\Users\Fire and Ice\Documents\GitHub\frontend2\src\assets\template_assets\datatable_custom\css\fixedHeader.bootstrap5.min.css", "CSS", 0, -1, 0, 0, 0, 0, 0, 0, 0, -1
"c:\Users\Fire and Ice\Documents\GitHub\frontend2\src\assets\template_assets\datatable_custom\css\font-awesome.min.css", "CSS", 0, -1, 0, 0, 0, 0, 0, -3, 0, -4
"c:\Users\Fire and Ice\Documents\GitHub\frontend2\src\assets\template_assets\datatable_custom\css\keyTable.bootstrap5.min.css", "CSS", 0, -1, 0, 0, 0, 0, 0, 0, 0, -1
"c:\Users\Fire and Ice\Documents\GitHub\frontend2\src\assets\template_assets\datatable_custom\css\searchBuilder.bootstrap5.min.css", "CSS", 0, -1, 0, 0, 0, 0, 0, 0, 0, -1
"c:\Users\Fire and Ice\Documents\GitHub\frontend2\src\assets\template_assets\datatable_custom\css\searchPanes.bootstrap5.min.css", "CSS", 0, -1, 0, 0, 0, 0, 0, 0, 0, -1
"c:\Users\Fire and Ice\Documents\GitHub\frontend2\src\assets\template_assets\datatable_custom\css\select.bootstrap5.min.css", "CSS", 0, -1, 0, 0, 0, 0, 0, 0, 0, -1
"c:\Users\Fire and Ice\Documents\GitHub\frontend2\src\assets\template_assets\datatable_custom\js\buttons.colVis.min.js", "JavaScript", 0, 0, 0, 0, -1, 0, 0, 0, 0, -1
"c:\Users\Fire and Ice\Documents\GitHub\frontend2\src\assets\template_assets\datatable_custom\js\colReorder.bootstrap5.min.js", "JavaScript", 0, 0, 0, 0, -1, 0, 0, -4, 0, -5
"c:\Users\Fire and Ice\Documents\GitHub\frontend2\src\assets\template_assets\datatable_custom\js\dataTables.dateTime.min.js", "JavaScript", 0, 0, 0, 0, -1, 0, 0, -5, 0, -6
"c:\Users\Fire and Ice\Documents\GitHub\frontend2\src\assets\template_assets\datatable_custom\js\dataTables.fixeHeader.min.js", "JavaScript", 0, 0, 0, 0, -1, 0, 0, -3, 0, -4
"c:\Users\Fire and Ice\Documents\GitHub\frontend2\src\assets\template_assets\datatable_custom\js\dataTables.fixedColumns.min.js", "JavaScript", 0, 0, 0, 0, -1, 0, 0, -3, 0, -4
"c:\Users\Fire and Ice\Documents\GitHub\frontend2\src\assets\template_assets\datatable_custom\js\dataTables.keyTable.min.js", "JavaScript", 0, 0, 0, 0, -1, 0, 0, -3, 0, -4
"c:\Users\Fire and Ice\Documents\GitHub\frontend2\src\assets\template_assets\datatable_custom\js\dataTables.searchBuilder.min.js", "JavaScript", 0, 0, 0, 0, -1, 0, 0, -3, 0, -4
"c:\Users\Fire and Ice\Documents\GitHub\frontend2\src\assets\template_assets\datatable_custom\js\dataTables.searchPanes.min.js", "JavaScript", 0, 0, 0, 0, -1, 0, 0, -3, 0, -4
"c:\Users\Fire and Ice\Documents\GitHub\frontend2\src\assets\template_assets\datatable_custom\js\dataTables.select.min.js", "JavaScript", 0, 0, 0, 0, -1, 0, 0, -3, 0, -4
"c:\Users\Fire and Ice\Documents\GitHub\frontend2\src\assets\template_assets\datatable_custom\js\jszip.min.js", "JavaScript", 0, 0, 0, 0, -1, 0, 0, -11, -1, -13
"c:\Users\Fire and Ice\Documents\GitHub\frontend2\src\assets\template_assets\datatable_custom\js\pdfmake.min.js", "JavaScript", 0, 0, 0, 0, -6, 0, 0, -32, 0, -38
"c:\Users\Fire and Ice\Documents\GitHub\frontend2\src\assets\template_assets\datatable_custom\js\searchBuilder.bootstrap5.js", "JavaScript", 0, 0, 0, 0, -51, 0, 0, -8, -10, -69
"c:\Users\Fire and Ice\Documents\GitHub\frontend2\src\assets\template_assets\datatable_custom\js\searchPanes.bootstrap5.min.js", "JavaScript", 0, 0, 0, 0, -1, 0, 0, -3, 0, -4
"c:\Users\Fire and Ice\Documents\GitHub\frontend2\src\assets\template_assets\datatable_custom\js\vfs_fonts.js", "JavaScript", 0, 0, 0, 0, -6, 0, 0, 0, 0, -6
"c:\Users\Fire and Ice\Documents\GitHub\frontend2\src\assets\template_assets\fonts\Nunito-Bold.svg", "XML", 0, 0, 0, 0, 0, -5009, 0, 0, -1, -5010
"c:\Users\Fire and Ice\Documents\GitHub\frontend2\src\assets\template_assets\fonts\Nunito-Light.svg", "XML", 0, 0, 0, 0, 0, -5431, 0, 0, -1, -5432
"c:\Users\Fire and Ice\Documents\GitHub\frontend2\src\assets\template_assets\fonts\Nunito-Regular.svg", "XML", 0, 0, 0, 0, 0, -4996, 0, 0, -1, -4997
"c:\Users\Fire and Ice\Documents\GitHub\frontend2\src\assets\template_assets\fonts\Nunito-SemiBold.svg", "XML", 0, 0, 0, 0, 0, -5001, 0, 0, -1, -5002
"c:\Users\Fire and Ice\Documents\GitHub\frontend2\src\assets\template_assets\fonts\dripicons-v2.svg", "XML", 0, 0, 0, 0, 0, -209, 0, 0, -2, -211
"c:\Users\Fire and Ice\Documents\GitHub\frontend2\src\assets\template_assets\fonts\unicons.svg", "XML", 0, 0, 0, 0, 0, -1080, 0, 0, -1068, -2148
"c:\Users\Fire and Ice\Documents\GitHub\frontend2\src\assets\template_assets\images\awash_assets\awash_logo_003.svg", "XML", 0, 0, 0, 0, 0, -1, 0, 0, 0, -1
"c:\Users\Fire and Ice\Documents\GitHub\frontend2\src\assets\template_assets\images\bg-pattern-light.svg", "XML", 0, 0, 0, 0, 0, -9, 0, 0, 0, -9
"c:\Users\Fire and Ice\Documents\GitHub\frontend2\src\assets\template_assets\images\email-campaign.svg", "XML", 0, 0, 0, 0, 0, -1, 0, 0, 0, -1
"c:\Users\Fire and Ice\Documents\GitHub\frontend2\src\assets\template_assets\images\features-1.svg", "XML", 0, 0, 0, 0, 0, -1, 0, 0, 0, -1
"c:\Users\Fire and Ice\Documents\GitHub\frontend2\src\assets\template_assets\images\features-2.svg", "XML", 0, 0, 0, 0, 0, -1, 0, 0, 0, -1
"c:\Users\Fire and Ice\Documents\GitHub\frontend2\src\assets\template_assets\images\file-searching.svg", "XML", 0, 0, 0, 0, 0, -1, 0, 0, 0, -1
"c:\Users\Fire and Ice\Documents\GitHub\frontend2\src\assets\template_assets\images\help-icon.svg", "XML", 0, 0, 0, 0, 0, -1, 0, 0, 0, -1
"c:\Users\Fire and Ice\Documents\GitHub\frontend2\src\assets\template_assets\images\mail_sent.svg", "XML", 0, 0, 0, 0, 0, -1, 0, 0, 0, -1
"c:\Users\Fire and Ice\Documents\GitHub\frontend2\src\assets\template_assets\images\maintenance.svg", "XML", 0, 0, 0, 0, 0, -1, 0, 0, 0, -1
"c:\Users\Fire and Ice\Documents\GitHub\frontend2\src\assets\template_assets\images\report.svg", "XML", 0, 0, 0, 0, 0, -1, 0, 0, 0, -1
"c:\Users\Fire and Ice\Documents\GitHub\frontend2\src\assets\template_assets\images\startman.svg", "XML", 0, 0, 0, 0, 0, -1, 0, 0, 0, -1
"c:\Users\Fire and Ice\Documents\GitHub\frontend2\src\assets\template_assets\images\startup.svg", "XML", 0, 0, 0, 0, 0, -1, 0, 0, 0, -1
"c:\Users\Fire and Ice\Documents\GitHub\frontend2\src\assets\template_assets\js\app.min.js", "JavaScript", 0, 0, 0, 0, -799, 0, 0, -5, -1, -805
"c:\Users\Fire and Ice\Documents\GitHub\frontend2\src\assets\template_assets\js\pages\demo.apex-area.js", "JavaScript", 0, 0, 0, 0, -794, 0, 0, 0, -1, -795
"c:\Users\Fire and Ice\Documents\GitHub\frontend2\src\assets\template_assets\js\pages\demo.apex-bar.js", "JavaScript", 0, 0, 0, 0, -1, 0, 0, 0, 0, -1
"c:\Users\Fire and Ice\Documents\GitHub\frontend2\src\assets\template_assets\js\pages\demo.apex-bubble.js", "JavaScript", 0, 0, 0, 0, -1, 0, 0, 0, 0, -1
"c:\Users\Fire and Ice\Documents\GitHub\frontend2\src\assets\template_assets\js\pages\demo.apex-candlestick.js", "JavaScript", 0, 0, 0, 0, -1, 0, 0, 0, 0, -1
"c:\Users\Fire and Ice\Documents\GitHub\frontend2\src\assets\template_assets\js\pages\demo.apex-column.js", "JavaScript", 0, 0, 0, 0, -1, 0, 0, 0, 0, -1
"c:\Users\Fire and Ice\Documents\GitHub\frontend2\src\assets\template_assets\js\pages\demo.apex-heatmap.js", "JavaScript", 0, 0, 0, 0, -1, 0, 0, 0, 0, -1
"c:\Users\Fire and Ice\Documents\GitHub\frontend2\src\assets\template_assets\js\pages\demo.apex-line.js", "JavaScript", 0, 0, 0, 0, -1, 0, 0, 0, 0, -1
"c:\Users\Fire and Ice\Documents\GitHub\frontend2\src\assets\template_assets\js\pages\demo.apex-mixed.js", "JavaScript", 0, 0, 0, 0, -1, 0, 0, 0, 0, -1
"c:\Users\Fire and Ice\Documents\GitHub\frontend2\src\assets\template_assets\js\pages\demo.apex-pie.js", "JavaScript", 0, 0, 0, 0, -1, 0, 0, 0, 0, -1
"c:\Users\Fire and Ice\Documents\GitHub\frontend2\src\assets\template_assets\js\pages\demo.apex-radar.js", "JavaScript", 0, 0, 0, 0, -1, 0, 0, 0, 0, -1
"c:\Users\Fire and Ice\Documents\GitHub\frontend2\src\assets\template_assets\js\pages\demo.apex-radialbar.js", "JavaScript", 0, 0, 0, 0, -1, 0, 0, 0, 0, -1
"c:\Users\Fire and Ice\Documents\GitHub\frontend2\src\assets\template_assets\js\pages\demo.apex-scatter.js", "JavaScript", 0, 0, 0, 0, -1, 0, 0, 0, 0, -1
"c:\Users\Fire and Ice\Documents\GitHub\frontend2\src\assets\template_assets\js\pages\demo.apex-sparklines.js", "JavaScript", 0, 0, 0, 0, -1, 0, 0, 0, 0, -1
"c:\Users\Fire and Ice\Documents\GitHub\frontend2\src\assets\template_assets\js\pages\demo.britechart.js", "JavaScript", 0, 0, 0, 0, -1, 0, 0, 0, 0, -1
"c:\Users\Fire and Ice\Documents\GitHub\frontend2\src\assets\template_assets\js\pages\demo.calendar.js", "JavaScript", 0, 0, 0, 0, -1, 0, 0, 0, 0, -1
"c:\Users\Fire and Ice\Documents\GitHub\frontend2\src\assets\template_assets\js\pages\demo.chartjs.js", "JavaScript", 0, 0, 0, 0, -1, 0, 0, 0, 0, -1
"c:\Users\Fire and Ice\Documents\GitHub\frontend2\src\assets\template_assets\js\pages\demo.customers.js", "JavaScript", 0, 0, 0, 0, -1, 0, 0, 0, 0, -1
"c:\Users\Fire and Ice\Documents\GitHub\frontend2\src\assets\template_assets\js\pages\demo.dashboard-analytics.js", "JavaScript", 0, 0, 0, 0, -1, 0, 0, 0, 0, -1
"c:\Users\Fire and Ice\Documents\GitHub\frontend2\src\assets\template_assets\js\pages\demo.dashboard-crm.js", "JavaScript", 0, 0, 0, 0, -1, 0, 0, 0, 0, -1
"c:\Users\Fire and Ice\Documents\GitHub\frontend2\src\assets\template_assets\js\pages\demo.dashboard-projects.js", "JavaScript", 0, 0, 0, 0, -1, 0, 0, 0, 0, -1
"c:\Users\Fire and Ice\Documents\GitHub\frontend2\src\assets\template_assets\js\pages\demo.dashboard.js", "JavaScript", 0, 0, 0, 0, -1, 0, 0, 0, 0, -1
"c:\Users\Fire and Ice\Documents\GitHub\frontend2\src\assets\template_assets\js\pages\demo.datatable-init.js", "JavaScript", 0, 0, 0, 0, -1, 0, 0, 0, 0, -1
"c:\Users\Fire and Ice\Documents\GitHub\frontend2\src\assets\template_assets\js\pages\demo.form-wizard.js", "JavaScript", 0, 0, 0, 0, -1, 0, 0, 0, 0, -1
"c:\Users\Fire and Ice\Documents\GitHub\frontend2\src\assets\template_assets\js\pages\demo.google-maps.js", "JavaScript", 0, 0, 0, 0, -1, 0, 0, 0, 0, -1
"c:\Users\Fire and Ice\Documents\GitHub\frontend2\src\assets\template_assets\js\pages\demo.inbox.js", "JavaScript", 0, 0, 0, 0, -1, 0, 0, 0, 0, -1
"c:\Users\Fire and Ice\Documents\GitHub\frontend2\src\assets\template_assets\js\pages\demo.jstree.js", "JavaScript", 0, 0, 0, 0, -1, 0, 0, 0, 0, -1
"c:\Users\Fire and Ice\Documents\GitHub\frontend2\src\assets\template_assets\js\pages\demo.materialdesignicons.js", "JavaScript", 0, 0, 0, 0, -1, 0, 0, 0, 0, -1
"c:\Users\Fire and Ice\Documents\GitHub\frontend2\src\assets\template_assets\js\pages\demo.products.js", "JavaScript", 0, 0, 0, 0, -1, 0, 0, 0, 0, -1
"c:\Users\Fire and Ice\Documents\GitHub\frontend2\src\assets\template_assets\js\pages\demo.profile.js", "JavaScript", 0, 0, 0, 0, -1, 0, 0, 0, 0, -1
"c:\Users\Fire and Ice\Documents\GitHub\frontend2\src\assets\template_assets\js\pages\demo.project-detail.js", "JavaScript", 0, 0, 0, 0, -1, 0, 0, 0, 0, -1
"c:\Users\Fire and Ice\Documents\GitHub\frontend2\src\assets\template_assets\js\pages\demo.project-gantt.js", "JavaScript", 0, 0, 0, 0, -1, 0, 0, 0, 0, -1
"c:\Users\Fire and Ice\Documents\GitHub\frontend2\src\assets\template_assets\js\pages\demo.quilljs.js", "JavaScript", 0, 0, 0, 0, -1, 0, 0, 0, 0, -1
"c:\Users\Fire and Ice\Documents\GitHub\frontend2\src\assets\template_assets\js\pages\demo.sellers.js", "JavaScript", 0, 0, 0, 0, -1, 0, 0, 0, 0, -1
"c:\Users\Fire and Ice\Documents\GitHub\frontend2\src\assets\template_assets\js\pages\demo.simplemde.js", "JavaScript", 0, 0, 0, 0, -1, 0, 0, 0, 0, -1
"c:\Users\Fire and Ice\Documents\GitHub\frontend2\src\assets\template_assets\js\pages\demo.sparkline.js", "JavaScript", 0, 0, 0, 0, -1, 0, 0, 0, 0, -1
"c:\Users\Fire and Ice\Documents\GitHub\frontend2\src\assets\template_assets\js\pages\demo.tasks.js", "JavaScript", 0, 0, 0, 0, -1, 0, 0, 0, 0, -1
"c:\Users\Fire and Ice\Documents\GitHub\frontend2\src\assets\template_assets\js\pages\demo.timepicker.js", "JavaScript", 0, 0, 0, 0, -1, 0, 0, 0, 0, -1
"c:\Users\Fire and Ice\Documents\GitHub\frontend2\src\assets\template_assets\js\pages\demo.toastr.js", "JavaScript", 0, 0, 0, 0, -83, 0, 0, 0, -1, -84
"c:\Users\Fire and Ice\Documents\GitHub\frontend2\src\assets\template_assets\js\pages\demo.typehead.js", "JavaScript", 0, 0, 0, 0, -165, 0, 0, 0, -1, -166
"c:\Users\Fire and Ice\Documents\GitHub\frontend2\src\assets\template_assets\js\pages\demo.vector-maps.js", "JavaScript", 0, 0, 0, 0, -1, 0, 0, 0, 0, -1
"c:\Users\Fire and Ice\Documents\GitHub\frontend2\src\assets\template_assets\js\pages\demo.widgets.js", "JavaScript", 0, 0, 0, 0, -1, 0, 0, 0, 0, -1
"c:\Users\Fire and Ice\Documents\GitHub\frontend2\src\assets\template_assets\js\ui\component.chat.js", "JavaScript", 0, 0, 0, 0, -1, 0, 0, 0, 0, -1
"c:\Users\Fire and Ice\Documents\GitHub\frontend2\src\assets\template_assets\js\ui\component.dragula.js", "JavaScript", 0, 0, 0, 0, -1, 0, 0, 0, 0, -1
"c:\Users\Fire and Ice\Documents\GitHub\frontend2\src\assets\template_assets\js\ui\component.fileupload.js", "JavaScript", 0, 0, 0, 0, -1, 0, 0, 0, 0, -1
"c:\Users\Fire and Ice\Documents\GitHub\frontend2\src\assets\template_assets\js\ui\component.range-slider.js", "JavaScript", 0, 0, 0, 0, -1, 0, 0, 0, 0, -1
"c:\Users\Fire and Ice\Documents\GitHub\frontend2\src\assets\template_assets\js\ui\component.rating.js", "JavaScript", 0, 0, 0, 0, -1, 0, 0, 0, 0, -1
"c:\Users\Fire and Ice\Documents\GitHub\frontend2\src\assets\template_assets\js\ui\component.todo.js", "JavaScript", 0, 0, 0, 0, -1, 0, 0, 0, 0, -1
"c:\Users\Fire and Ice\Documents\GitHub\frontend2\src\assets\template_assets\js\vendor.min.js", "JavaScript", 0, 0, 0, 0, -17515, 0, 0, -2962, -4479, -24956
"c:\Users\Fire and Ice\Documents\GitHub\frontend2\src\assets\template_assets\js\vendor\Chart.bundle.min.js", "JavaScript", 0, 0, 0, 0, -1, 0, 0, -6, -1, -8
"c:\Users\Fire and Ice\Documents\GitHub\frontend2\src\assets\template_assets\js\vendor\apexcharts.min.js", "JavaScript", 0, 0, 0, 0, -3, 0, 0, -11, -1, -15
"c:\Users\Fire and Ice\Documents\GitHub\frontend2\src\assets\template_assets\js\vendor\britecharts.min.js", "JavaScript", 0, 0, 0, 0, -1, 0, 0, -1, 0, -2
"c:\Users\Fire and Ice\Documents\GitHub\frontend2\src\assets\template_assets\js\vendor\buttons.bootstrap5.min.js", "JavaScript", 0, 0, 0, 0, -55, 0, 0, -4, -1, -60
"c:\Users\Fire and Ice\Documents\GitHub\frontend2\src\assets\template_assets\js\vendor\buttons.flash.min.js", "JavaScript", 0, 0, 0, 0, -32, 0, 0, 0, -1, -33
"c:\Users\Fire and Ice\Documents\GitHub\frontend2\src\assets\template_assets\js\vendor\buttons.html5.min.js", "JavaScript", 0, 0, 0, 0, -29, 0, 0, 0, -1, -30
"c:\Users\Fire and Ice\Documents\GitHub\frontend2\src\assets\template_assets\js\vendor\buttons.print.min.js", "JavaScript", 0, 0, 0, 0, -5, 0, 0, 0, -1, -6
"c:\Users\Fire and Ice\Documents\GitHub\frontend2\src\assets\template_assets\js\vendor\d3.min.js", "JavaScript", 0, 0, 0, 0, -1, 0, 0, -1, -1, -3
"c:\Users\Fire and Ice\Documents\GitHub\frontend2\src\assets\template_assets\js\vendor\dataTables.bootstrap5.js", "JavaScript", 0, 0, 0, 0, -131, 0, 0, -26, -28, -185
"c:\Users\Fire and Ice\Documents\GitHub\frontend2\src\assets\template_assets\js\vendor\dataTables.buttons.min.js", "JavaScript", 0, 0, 0, 0, -39, 0, 0, -4, -1, -44
"c:\Users\Fire and Ice\Documents\GitHub\frontend2\src\assets\template_assets\js\vendor\dataTables.checkboxes.min.js", "JavaScript", 0, 0, 0, 0, -1, 0, 0, -2, 0, -3
"c:\Users\Fire and Ice\Documents\GitHub\frontend2\src\assets\template_assets\js\vendor\dataTables.keyTable.min.js", "JavaScript", 0, 0, 0, 0, -22, 0, 0, -4, -1, -27
"c:\Users\Fire and Ice\Documents\GitHub\frontend2\src\assets\template_assets\js\vendor\dataTables.responsive.min.js", "JavaScript", 0, 0, 0, 0, -34, 0, 0, -14, -1, -49
"c:\Users\Fire and Ice\Documents\GitHub\frontend2\src\assets\template_assets\js\vendor\dataTables.select.min.js", "JavaScript", 0, 0, 0, 0, -24, 0, 0, -4, -1, -29
"c:\Users\Fire and Ice\Documents\GitHub\frontend2\src\assets\template_assets\js\vendor\dragula.min.js", "JavaScript", 0, 0, 0, 0, -1, 0, 0, 0, 0, -1
"c:\Users\Fire and Ice\Documents\GitHub\frontend2\src\assets\template_assets\js\vendor\dropzone.min.js", "JavaScript", 0, 0, 0, 0, -1, 0, 0, 0, 0, -1
"c:\Users\Fire and Ice\Documents\GitHub\frontend2\src\assets\template_assets\js\vendor\frappe-gantt.min.js", "JavaScript", 0, 0, 0, 0, -1, 0, 0, 0, -1, -2
"c:\Users\Fire and Ice\Documents\GitHub\frontend2\src\assets\template_assets\js\vendor\fullcalendar.min.js", "JavaScript", 0, 0, 0, 0, -1, 0, 0, -5, 0, -6
"c:\Users\Fire and Ice\Documents\GitHub\frontend2\src\assets\template_assets\js\vendor\gmaps.min.js", "JavaScript", 0, 0, 0, 0, -1, 0, 0, -1, 0, -2
"c:\Users\Fire and Ice\Documents\GitHub\frontend2\src\assets\template_assets\js\vendor\handlebars.min.js", "JavaScript", 0, 0, 0, 0, -3, 0, 0, -26, 0, -29
"c:\Users\Fire and Ice\Documents\GitHub\frontend2\src\assets\template_assets\js\vendor\ion.rangeSlider.min.js", "JavaScript", 0, 0, 0, 0, -1, 0, 0, -1, 0, -2
"c:\Users\Fire and Ice\Documents\GitHub\frontend2\src\assets\template_assets\js\vendor\jquery-jvectormap-1.2.2.min.js", "JavaScript", 0, 0, 0, 0, -2, 0, 0, -6, 0, -8
"c:\Users\Fire and Ice\Documents\GitHub\frontend2\src\assets\template_assets\js\vendor\jquery-jvectormap-au-mill-en.js", "JavaScript", 0, 0, 0, 0, -1, 0, 0, 0, 0, -1
"c:\Users\Fire and Ice\Documents\GitHub\frontend2\src\assets\template_assets\js\vendor\jquery-jvectormap-ca-lcc-en.js", "JavaScript", 0, 0, 0, 0, -1, 0, 0, 0, 0, -1
"c:\Users\Fire and Ice\Documents\GitHub\frontend2\src\assets\template_assets\js\vendor\jquery-jvectormap-es-merc.js", "JavaScript", 0, 0, 0, 0, -1, 0, 0, 0, 0, -1
"c:\Users\Fire and Ice\Documents\GitHub\frontend2\src\assets\template_assets\js\vendor\jquery-jvectormap-es-mill.js", "JavaScript", 0, 0, 0, 0, -1, 0, 0, 0, 0, -1
"c:\Users\Fire and Ice\Documents\GitHub\frontend2\src\assets\template_assets\js\vendor\jquery-jvectormap-europe-mill-en.js", "JavaScript", 0, 0, 0, 0, -1, 0, 0, 0, 0, -1
"c:\Users\Fire and Ice\Documents\GitHub\frontend2\src\assets\template_assets\js\vendor\jquery-jvectormap-fr-merc-en.js", "JavaScript", 0, 0, 0, 0, -1, 0, 0, 0, 0, -1
"c:\Users\Fire and Ice\Documents\GitHub\frontend2\src\assets\template_assets\js\vendor\jquery-jvectormap-in-mill-en.js", "JavaScript", 0, 0, 0, 0, -1, 0, 0, 0, 0, -1
"c:\Users\Fire and Ice\Documents\GitHub\frontend2\src\assets\template_assets\js\vendor\jquery-jvectormap-uk-mill-en.js", "JavaScript", 0, 0, 0, 0, -1, 0, 0, 0, 0, -1
"c:\Users\Fire and Ice\Documents\GitHub\frontend2\src\assets\template_assets\js\vendor\jquery-jvectormap-us-il-chicago-mill-en.js", "JavaScript", 0, 0, 0, 0, -1, 0, 0, 0, 0, -1
"c:\Users\Fire and Ice\Documents\GitHub\frontend2\src\assets\template_assets\js\vendor\jquery-jvectormap-us-merc-en.js", "JavaScript", 0, 0, 0, 0, -1, 0, 0, 0, 0, -1
"c:\Users\Fire and Ice\Documents\GitHub\frontend2\src\assets\template_assets\js\vendor\jquery-jvectormap-world-mill-en.js", "JavaScript", 0, 0, 0, 0, -1, 0, 0, 0, 0, -1
"c:\Users\Fire and Ice\Documents\GitHub\frontend2\src\assets\template_assets\js\vendor\jquery.dataTables.min.js", "JavaScript", 0, 0, 0, 0, -164, 0, 0, -4, -1, -169
"c:\Users\Fire and Ice\Documents\GitHub\frontend2\src\assets\template_assets\js\vendor\jquery.rateit.min.js", "JavaScript", 0, 0, 0, 0, -1, 0, 0, -4, -1, -6
"c:\Users\Fire and Ice\Documents\GitHub\frontend2\src\assets\template_assets\js\vendor\jquery.sparkline.min.js", "JavaScript", 0, 0, 0, 0, -2, 0, 0, 0, -1, -3
"c:\Users\Fire and Ice\Documents\GitHub\frontend2\src\assets\template_assets\js\vendor\jstree.min.js", "JavaScript", 0, 0, 0, 0, -5, 0, 0, -1, 0, -6
"c:\Users\Fire and Ice\Documents\GitHub\frontend2\src\assets\template_assets\js\vendor\quill.min.js", "JavaScript", 0, 0, 0, 0, -1, 0, 0, -7, 0, -8
"c:\Users\Fire and Ice\Documents\GitHub\frontend2\src\assets\template_assets\js\vendor\responsive.bootstrap5.min.js", "JavaScript", 0, 0, 0, 0, -8, 0, 0, -4, -1, -13
"c:\Users\Fire and Ice\Documents\GitHub\frontend2\src\assets\template_assets\js\vendor\simplemde.min.js", "JavaScript", 0, 0, 0, 0, -9, 0, 0, -6, 0, -15
"c:\Users\Fire and Ice\Documents\GitHub\frontend2\src\assets\template_assets\js\vendor\typeahead.bundle.min.js", "JavaScript", 0, 0, 0, 0, -2, 0, 0, -5, -1, -8
"c:\Users\Fire and Ice\Documents\GitHub\frontend2\src\index.html", "HTML", 0, 0, 0, -278, 0, 0, 0, -212, -47, -537
"c:\Users\Fire and Ice\Documents\GitHub\frontend2\src\main.ts", "TypeScript", -4, 0, 0, 0, 0, 0, 0, 0, -4, -8
"c:\Users\Fire and Ice\Documents\GitHub\frontend2\src\styles.css", "CSS", 0, -39, 0, 0, 0, 0, 0, -17, -3, -59
"Total", "-", -3120, -66015, -1504, -278, -20121, -21746, -2614, -3658, -6214, -125270